/* 
 * Click nbfs://nbhost/SystemFileSystem/Templates/Licenses/license-default.txt to change this license
 * Click nbfs://nbhost/SystemFileSystem/Templates/Other/SQLTemplate.sql to edit this template
 */
/**
 * Author:  Justin
 * Created: Apr 29, 2022
 */

INSERT INTO IOTBAY.Users (FirstName, LastName, Email, Pass, PhoneNumber, StreetNumber, StreetName, StreetType, Suburb, "State", Postcode, Country)
VALUES
('Gabriel', 'Smith', 'gab.smith@gmail.com', 'Test1234', '1234567890', '4', 'Pokemon', 'Street', 'Road' , 'NSW', '2000', 'Australia'),
('Wilson', 'Smith', 'wilson.smith@gmail.com', 'Test1234', '5912859201', '7', 'Pikachu', 'Street', 'Dolphin', 'NSW', '2000', 'Australia'),
('Sleep', 'Smith', 'sleep.smith@gmail.com', 'Test1234', '4564545877', '6', 'Lamp', 'Street', 'Top', 'NSW', '2000', 'Australia'),
('Laugh', 'Smith', 'laugh.smith@gmail.com', 'Test1234', '2363483858', '2', 'Joke', 'Street', 'Good', 'NSW', '2000', 'Australia'),
('Dylan', 'Smith', 'dylan.smith@gmail.com', 'Test1234', '2365260792', '2', 'Bless', 'Street', 'Active', 'NSW', '2000', 'Australia'),
('Maria', 'Smith', 'maria.smith@gmail.com', 'Test1234', '2369960306', '5', 'Saint', 'Street', 'Peter', 'NSW', '2000', 'Australia'),
('Rachel', 'Smith', 'rachel.smith@gmail.com', 'Test1234', '1500623552', '8', 'Alex', 'Street', 'High', 'NSW', '2000', 'Australia'),
('Unique', 'Smith', 'unique.smith@gmail.com', 'Test1234', '2136397989', '8', 'Funny', 'Street', 'Helium', 'NSW', '2000', 'Australia'),
('Baxter', 'Smith', 'baxter.smith@gmail.com', 'Test1234', '8939160466', '9', 'Unique2', 'Street', 'Funny2', 'NSW', '2000', 'Australia'),
('Taylor', 'Smith', 'taylor.smith@gmail.com', 'Test1234', '2329783947', '2', 'Iam', 'Street', 'Sofunny', 'NSW', '2000', 'Australia'),
('UniqueName1', 'Human', 'unique.name1@gmail.com', 'Test1234', '6592696436', '2', 'Harry', 'Street', 'Corn', 'NSW', '2000', 'Australia'),
('UniqueName2', 'Perhaps', 'unique.name2@gmail.com', 'Test1234', '1234567890', '9', 'Bow', 'Street', 'Apple', 'NSW', '2000', 'Australia'),
('UniqueName3', 'I', 'unique.name3@gmail.com', 'Test1234', '1235678912', '8', 'Gabriel', 'Street', 'Coke', 'NSW', '2000', 'Australia'),
('UniqueName4', 'lost', 'unique.name4@gmail.com', 'Test1234', '3466236439', '6', 'West', 'Street', 'Pepsi', 'NSW', '2000', 'Australia'),
('UniqueName5', 'Track', 'unique.name5@gmail.com', 'Test1234', '9558157926', '4', 'North', 'Street', 'Montreal', 'NSW', '2000', 'Australia'),
('UniqueName6', 'Anyidea', 'unique.name6@gmail.com', 'Test1234', '1647349381', '1', 'South', 'Street', 'Platinum', 'NSW', '2000', 'Australia'),
('UniqueName7', 'of', 'unique.name7@gmail.com', 'Test1234', '9581859305', '1', 'Mahjong', 'Street', 'Diamond', 'NSW', '2000', 'Australia'),
('UniqueName8', 'wat', 'unique.name8@gmail.com', 'Test1234', '1850284956', '2', 'Water', 'Street', 'Biscuit', 'NSW', '2000', 'Australia'),
('UniqueName9', 'Toput', 'unique.name9@gmail.com', 'Test1234', '5869023456', '9', 'Food', 'Street', 'Baguette', 'NSW', '2000', 'Australia'),
('UniqueName10', 'here', 'unique.name10@gmail.com', 'Test1234', '5918572849', '8', 'Bread', 'Street', 'Shampoo', 'NSW', '2000', 'Australia'),
('UniqueName11', 'Names', 'unique.name11@gmail.com', 'Test1234', '3519683951', '3', 'Steak', 'Street', 'Muse', 'NSW', '2000', 'Australia'),
('UniqueName12', 'Hard', 'unique.name12@gmail.com', 'Test1234', '1968395012', '100', 'Lamb', 'Street', 'Digimon', 'NSW', '2000', 'Australia');

INSERT INTO IOTBAY.Staff (StaffFirstName, StaffLastName, StaffEmail, StaffPass, StaffPhone, StaffCountry)
VALUES
('Jackson', 'Albert', 'jack.alb@gmail.com', 'Test1234', '1234567890', 'Australia'),
('Wilson', 'Jackson', 'will.jack@gmail.com', 'Test1234', '1234567890', 'Australia'),
('Mason', 'Wilson', 'mason.wilson@gmail.com', 'Test1234', '1234567890', 'Australia'),
('Johnson', 'Mason', 'johnson.mason@gmail.com', 'Test1234', '1234567890', 'Australia'),
('Thompson', 'Johnson', 'thompson.johnson@gmail.com', 'Test1234', '1234567890', 'Australia'),
('Yourson', 'Thompson', 'yourson.thompson@gmail.com', 'Test1234', '1234567890', 'Australia'),
('Someonesson', 'Yourson', 'someonesson.yourson@gmail.com', 'Test1234', '1234567890', 'Australia'),
('Jeff', 'Someonesson', 'jeff.someonesson@gmail.com', 'Test1234', '1234567890', 'Australia'),
('Mee', 'Hun', 'mee.hun@gmail.com', 'Test1234', '1234567890', 'Australia'),
('Roti', 'Planta', 'roti.planta@gmail.com', 'Test1234', '1234567890', 'Australia'),
('Kari', 'Ikan', 'kari.ikan@gmail.com', 'Test1234', '1234567890', 'Australia'),
('Kuih', 'Ketupat', 'kuih.ketupat@gmail.com', 'Test1234', '1234567890', 'Australia'),
('Ais', 'Kacang', 'ais.kacang@gmail.com', 'Test1234', '1234567890', 'Australia'),
('Tepung', 'Gandum', 'tepung.gandum@gmail.com', 'Test1234', '1234567890', 'Australia'),
('Nasi', 'Lemak', 'nasi.lemak@gmail.com', 'Test1234', '1234567890', 'Australia'),
('Apam', 'Balik', 'apam.balik@gmail.com', 'Test1234', '1234567890', 'Australia'),
('Kuih', 'Lapis', 'kuih.lapis@gmail.com', 'Test1234', '1234567890', 'Australia'),
('Siew', 'Yok', 'siew.yok@gmail.com', 'Test1234', '1234567890', 'Australia'),
('Hor', 'Fun', 'hor.fun@gmail.com', 'Test1234', '1234567890', 'Australia'),
('Pad', 'Thai', 'pad.thai@gmail.com', 'Test1234', '1234567890', 'Australia');

INSERT INTO IOTBAY.PaymentInfo (CardHolderName, CardNumber, CardExpiryDate, CardCountry, CardCVC, UserID)
VALUES
('Gabriel Smith', '1111222233334444', '2026-12-25', 'Australia', '123', 1),
('Gabriel Smith', '4444333322221111', '2026-7-10', 'Australia', '234', 1),
('Gabriel Smith', '3333222244441111', '2026-2-10', 'Australia', '456', 1),
('Wilson Smith', '1234123412341234', '2025-2-4', 'Australia', '567', 2),
('Sleep Smith', '2859205868209501', '2025-4-7', 'Australia', '968', 3),
('Sleep Smith', '8590285045825024', '2025-4-5', 'Australia', '586', 3),
('Sleep Smith', '5682058391160469', '2025-2-22', 'Australia', '289', 3),
('Sleep Smith', '9481196534792360', '2025-3-30', 'Australia', '872', 3),
('Sleep Smith', '5823520125126992', '2025-7-21', 'Australia', '895', 3),
('Laugh Smith', '2135902467204973', '2027-1-24', 'Australia', '693', 4),
('Laugh Smith', '1959230145236825', '2027-5-18', 'Australia', '196', 4),
('Laugh Smith', '1959230145236825', '2027-12-6', 'Australia', '236', 4),
('Dylan Smith', '0909010102020303', '2029-5-21', 'Australia', '678', 5),
('Maria Smith', '7878121234349898', '2026-2-5', 'Australia', '789', 6),
('Maria Smith', '1122334455667788', '2026-3-5', 'Australia', '890', 6),
('Maria Smith', '1122334455667788', '2027-4-5', 'Australia', '912', 6),
('Maria Smith', '8877665544332211', '2023-3-7', 'Australia', '522', 6),
('Taylor Smith', '9191010120203030', '2025-4-22', 'Australia', '592', 10),
('Taylor Smith', '7878929283830202', '2027-7-26', 'Australia', '145', 10),
('Taylor Smith', '1818727293932828', '2027-7-26', 'Australia', '823', 10);

INSERT INTO IOTBAY.PAYMENT (PaymentTotal, PaymentInfoID)
VALUES
(14.22, 1),
(1007, 2),
(805, 3),
(133.37, 4),
(420.99, 5),
(123.45, 6),
(678.89, 7),
(444.44, 8),
(555.55, 9),
(666.66, 10),
(727.27, 11),
(1023, 12),
(111.11, 13),
(99.99, 14),
(9.99, 15),
(235.32, 16),
(296.3, 17),
(14.22, 18),
(14.22, 19),
(287.5, 20);

INSERT INTO IOTBAY.ORDERS (OrderDate, OrderStatus, PaymentID)
VALUES
('2022-5-21','Unpaid',1),
('2022-5-22','Paid',2),
('2022-5-23','Shipping',3),
('2022-5-24','Delivered',4),
('2022-5-25','Cancelled',5),
('2022-5-26','Unpaid',6),
('2022-5-27','Paid',7),
('2022-5-28','Shipping',8),
('2022-5-29','Delivered',9),
('2022-5-30','Cancelled',10),
('2022-6-11','Unpaid',11),
('2022-6-12','Paid',12),
('2022-6-13','Shipping',13),
('2022-6-14','Delivered',14),
('2022-6-15','Cancelled',15),
('2022-6-16','Unpaid',16),
('2022-6-17','Paid',17),
('2022-6-18','Shipping',18),
('2022-6-19','Delivered',19),
('2022-6-20','Cancelled',20);

INSERT INTO IOTBAY.Supplier (SupplierName, SupplierAddress, SupplierPhone, SupplierEmail)
VALUES
('HiLetGo Electronics','Road Road 1 Avenue', '1234567895','hiletgoelectronics@gmail.com'),
('4 Seasons', 'Starlight Road 2 Avenue', '5912859202','fourseasons@gmail.com'),
('Prologue Shop','Pokemon Road 3 Avenue', '4564545871','prologue.shop@gmail.com'),
('Networkers','Victory Road 4 Avenue', '2363483855','networkers@gmail.com'),
('Teragigabyte','Diamond Road 5 Avenue', '2365260794','tera.gigabyte@gmail.com'),
('IT Zone','Board Road 6 Avenue', '2369960305','it.zone@gmail.com'),
('IT Expanse','Damian Road 7 Avenue', '1500623557','it.expanse@gmail.com'),
('Fried Electronics','Zinger Road 8 Avenue', '2136397982','fried.electronics@gmail.com'),
('Pokemon Town','Stinger Road 9 Avenue', '8939160468','pokemon.town@gmail.com'),
('Pallet Town','Water Road 10 Avenue', '2329783941','pallet.town@gmail.com'),
('Dark Hedges','Blue Road 11 Avenue', '6592696435','dark.hedges@gmail.com'),
('Downtown Electronics','Zen Road 12 Avenue', '1234567893','downtown.electronics@gmail.com'),
('Wonders of Pi','Split Road 13 Avenue', '1235678916','pi.ofwonders@gmail.com'),
('Computer Mart','Half Road 14 Avenue', '3466236437','computer.mart@gmail.com'),
('Golden Tech Electronics','Plain Road 15 Avenue', '9558157921','golden.tech@gmail.com'),
('Networks at Work','Safe Road 16 Avenue', '1647349385','networks.work@gmail.com'),
('Starlink','Lame Road 17 Avenue', '9581859301','starlink@gmail.com'),
('Aware Software','Fun Road 18 Avenue', '1850284958','aware.soft@gmail.com'),
('Cupid or Cubic','Food Road 19 Avenue', '5869023459','cupid.cubic@gmail.com'),
('Primary Village','Digimon Road 20 Avenue', '5918572841','primary.village@gmail.com');

INSERT INTO IOTBAY.PRODUCT (ProductSerialNum, ProductName, ProductCategory, ProductBrand, ProductPrice, ProductQuantity, ProductImageURL, SupplierID)
VALUES
(1,'DHT22','Sensors','HiLetGo Electronics',12.38,100,'DHT22.jpg',1),
(2,'DS18B20','Sensors','HiLetGo Electronics',16.04,50,'DS18B20.jpg',1),
(3,'BMP180 GY-68','Sensors','HiLetGo Electronics',7.28,35,'BMP180.jpg',1),
(4,'MQ-2 Gas Sensor','Sensors','OctagonStar',7.28,100,'MQ2.jpg',3),
(5,'RT-AX86','Networking','ASUS',363.2,50,'RTAX86.jpg',3),
(6,'RT-AX82U','Networking','ASUS',285.12,100,'RTAX82U.jpg',3),
(7,'RT-AX82U Gundam Edition','Networking','ASUS',338.21,50,'RTAX82UGundam.png',3),
(8,'GY-271 Compass','Navigation','HiLetGo Electronics',9.61,100,'GY271.png',1),
(9,'DS1307 Real Time Clock','Navigation','Adafruit Industries',10.94,100,'DS1307.png',5),
(10,'SSD1306 OLED','Display','MakerFocus',14.57,20,'SSD1306.png',5),
(11,'SIM800L GSM Module','Wireless','HAOYU Electronics',9.94,20,'SIM800L.png',6),
(12,'LM2596 Buck Step-Down Converter','Power Supply','BULVACK',5.82,35,'LM2596.png',7),
(13,'MAX7219 8x8 Matrix Display','Display','HiLetGo Electronics',12.24,100,'MAX7219.png',8),
(14,'PCA9685 Servo','Motors','Songhe Electronics',20.24,35,'PCA9685.png',9),
(15,'TM1637 4-Digit 7-Segment Display','Display','Hyuduo',13.71,25,'TM1637.png',10),
(16,'MPU-6050 4-Digit 7-Segment Display','Navigation','HiLetGo Electronics',3.49,25,'MPU6050.png',11),
(17,'74HC595 Shift Register','Modules','MCIGICM',10.2,170,'74HC595.png',12),
(18,'L293D Motor Driver','Motors','Adafruit',14.43,98,'L293D.png',13),
(19,'A4988 Stepper Driver','Motors','BIQU',3.07,98,'A4988.png',14),
(20,'4x4 Membrane Keypad with Arduino','modules','Songhe',2.61,170,'4x4MembraneKeypad.png',15);

INSERT INTO IOTBAY.CART VALUES
(1,1,3),
(1,2,6),
(1,3,4),
(1,4,2),
(1,5,8),
(2,7,4),
(2,9,1),
(3,9,5),
(3,8,4),
(4,1,1),
(4,6,3),
(4,7,3),
(5,1,3),
(6,1,3),
(6,8,2),
(6,9,7),
(7,6,3),
(8,7,2),
(9,1,3),
(10,1,3);

INSERT INTO IOTBAY.OrderLine VALUES
(1,1,3),
(2,1,6),
(3,1,4),
(4,2,2),
(5,2,8),
(7,3,4),
(9,3,1),
(9,4,5),
(8,4,4),
(1,5,1),
(6,5,3),
(7,5,3),
(1,6,3),
(1,7,3),
(8,7,2),
(9,7,7),
(6,8,3),
(7,9,2),
(1,10,3),
(1,11,3);

INSERT INTO IOTBAY.INVOICE (InvoiceDate, PaymentID)
VALUES
('2022-5-21',1),
('2022-5-22',2),
('2022-5-23',3),
('2022-5-24',4),
('2022-5-25',5),
('2022-5-26',6),
('2022-5-27',7),
('2022-5-28',8),
('2022-5-29',9),
('2022-5-30',10),
('2022-6-11',11),
('2022-6-12',12),
('2022-6-13',13),
('2022-6-14',14),
('2022-6-15',15),
('2022-6-16',16),
('2022-6-17',17),
('2022-6-18',18),
('2022-6-19',19),
('2022-6-20',20);

INSERT INTO IOTBAY.UserLogs VALUES
(1, 'Registered', '2022-05-14 13:00:00'),
(2, 'Logged Out', '2022-05-14 13:00:00'),
(3, 'Logged In', '2022-05-14 13:00:00'),
(4, 'Registered', '2022-05-14 13:00:00'),
(5, 'Logged Out', '2022-05-14 13:00:00'),
(6, 'Logged In', '2022-05-14 13:00:00'),
(7, 'Registered', '2022-05-14 13:00:00'),
(8, 'Logged Out', '2022-05-14 13:00:00'),
(9, 'Logged In', '2022-05-14 13:00:00'),
(10, 'Registered', '2022-05-14 13:00:00'),
(11, 'Logged Out', '2022-05-14 13:00:00'),
(12, 'Logged In', '2022-05-14 13:00:00'),
(13, 'Registered', '2022-05-14 13:00:00'),
(14, 'Logged Out', '2022-05-14 13:00:00'),
(15, 'Logged In', '2022-05-14 13:00:00'),
(16, 'Registered', '2022-05-14 13:00:00'),
(17, 'Logged Out', '2022-05-14 13:00:00'),
(18, 'Logged In', '2022-05-14 13:00:00'),
(19, 'Registered', '2022-05-14 13:00:00'),
(20, 'Logged Out', '2022-05-14 13:00:00');